SKU,Item Name,Store,Total Units Sold (full window),"Units Sold (last 90 days, this store)",Avg Daily Units (this store),Gappy Sales Pattern,Spiky Sales Pattern,Suggested Par Level
2100000080953,RED SINGLE SOLO CUP,(Bayview/Coral Ridge) Ocean Wine & Spirits ,252.0,22.0,0.244,,,3
2100000080953,RED SINGLE SOLO CUP,(FTL Beach/A1A) Ocean Wine & Spirits ,252.0,41.0,0.456,,,5
2100000080953,RED SINGLE SOLO CUP,(Las Olas) Ocean Wine & Spirits ,252.0,74.0,0.822,,,8
2100000080953,RED SINGLE SOLO CUP,Beach Liquors & Cigars ,252.0,115.0,1.278,,,12
2100000080953,RED SINGLE SOLO CUP,Warehouse,252.0,0,0.0,,,0
070330604599,BIC LIGHTER,(Bayview/Coral Ridge) Ocean Wine & Spirits ,132.0,0,0.0,,,0
070330604599,BIC LIGHTER,(FTL Beach/A1A) Ocean Wine & Spirits ,132.0,18.0,0.2,,,2
070330604599,BIC LIGHTER,(Las Olas) Ocean Wine & Spirits ,132.0,32.0,0.356,,,4
070330604599,BIC LIGHTER,Beach Liquors & Cigars ,132.0,82.0,0.911,,,9
070330604599,BIC LIGHTER,Warehouse,132.0,0,0.0,,,0
210000012101,HEETS RED FOR IQOS,(Bayview/Coral Ridge) Ocean Wine & Spirits ,123.0,4.0,0.044,,,1
210000012101,HEETS RED FOR IQOS,(FTL Beach/A1A) Ocean Wine & Spirits ,123.0,0,0.0,,,0
210000012101,HEETS RED FOR IQOS,(Las Olas) Ocean Wine & Spirits ,123.0,119.0,1.322,,,12
210000012101,HEETS RED FOR IQOS,Beach Liquors & Cigars ,123.0,0,0.0,,,0
210000012101,HEETS RED FOR IQOS,Warehouse,123.0,0,0.0,,,0
210000011041,ZEPHYRHILLS 500ML (16.9 OUNCE) SINGLE,(Bayview/Coral Ridge) Ocean Wine & Spirits ,110.0,0,0.0,,,0
210000011041,ZEPHYRHILLS 500ML (16.9 OUNCE) SINGLE,(FTL Beach/A1A) Ocean Wine & Spirits ,110.0,20.0,0.222,,,2
210000011041,ZEPHYRHILLS 500ML (16.9 OUNCE) SINGLE,(Las Olas) Ocean Wine & Spirits ,110.0,32.0,0.356,,,4
210000011041,ZEPHYRHILLS 500ML (16.9 OUNCE) SINGLE,Beach Liquors & Cigars ,110.0,58.0,0.644,,,6
210000011041,ZEPHYRHILLS 500ML (16.9 OUNCE) SINGLE,Warehouse,110.0,0,0.0,,,0
210000012103,HEETS IQOS AMBER,(Bayview/Coral Ridge) Ocean Wine & Spirits ,103.0,9.0,0.1,,,1
210000012103,HEETS IQOS AMBER,(FTL Beach/A1A) Ocean Wine & Spirits ,103.0,0,0.0,,,0
210000012103,HEETS IQOS AMBER,(Las Olas) Ocean Wine & Spirits ,103.0,94.0,1.044,,,10
210000012103,HEETS IQOS AMBER,Beach Liquors & Cigars ,103.0,0,0.0,,,0
210000012103,HEETS IQOS AMBER,Warehouse,103.0,0,0.0,,,0
619947000068,TITOS HANDMADE VODKA 80 50ML,(Bayview/Coral Ridge) Ocean Wine & Spirits ,84.0,4.0,0.044,,,1
619947000068,TITOS HANDMADE VODKA 80 50ML,(FTL Beach/A1A) Ocean Wine & Spirits ,84.0,8.0,0.089,,,1
619947000068,TITOS HANDMADE VODKA 80 50ML,(Las Olas) Ocean Wine & Spirits ,84.0,44.0,0.489,,,5
619947000068,TITOS HANDMADE VODKA 80 50ML,Beach Liquors & Cigars ,84.0,28.0,0.311,,,3
619947000068,TITOS HANDMADE VODKA 80 50ML,Warehouse,84.0,0,0.0,,,0
793573105820,NATUZZI ICE BAG 10 LB,(Bayview/Coral Ridge) Ocean Wine & Spirits ,82.0,9.0,0.1,,,1
793573105820,NATUZZI ICE BAG 10 LB,(FTL Beach/A1A) Ocean Wine & Spirits ,82.0,11.0,0.122,,,2
793573105820,NATUZZI ICE BAG 10 LB,(Las Olas) Ocean Wine & Spirits ,82.0,45.0,0.5,,,5
793573105820,NATUZZI ICE BAG 10 LB,Beach Liquors & Cigars ,82.0,17.0,0.189,,,2
793573105820,NATUZZI ICE BAG 10 LB,Warehouse,82.0,0,0.0,,,0
04904403,COCA COLA 20OZ,(Bayview/Coral Ridge) Ocean Wine & Spirits ,75.0,0,0.0,,,0
04904403,COCA COLA 20OZ,(FTL Beach/A1A) Ocean Wine & Spirits ,75.0,36.0,0.4,,,4
04904403,COCA COLA 20OZ,(Las Olas) Ocean Wine & Spirits ,75.0,22.0,0.244,,,3
04904403,COCA COLA 20OZ,Beach Liquors & Cigars ,75.0,17.0,0.189,,,2
04904403,COCA COLA 20OZ,Warehouse,75.0,0,0.0,,,0
73430005006,Zephyrhills 1.5L,(Bayview/Coral Ridge) Ocean Wine & Spirits ,74.0,0,0.0,,,0
73430005006,Zephyrhills 1.5L,(FTL Beach/A1A) Ocean Wine & Spirits ,74.0,14.0,0.156,,,2
73430005006,Zephyrhills 1.5L,(Las Olas) Ocean Wine & Spirits ,74.0,8.0,0.089,,,1
73430005006,Zephyrhills 1.5L,Beach Liquors & Cigars ,74.0,52.0,0.578,,,6
73430005006,Zephyrhills 1.5L,Warehouse,74.0,0,0.0,,,0
088004144708,FIREBALL 50ML,(Bayview/Coral Ridge) Ocean Wine & Spirits ,71.0,1.0,0.011,,,1
088004144708,FIREBALL 50ML,(FTL Beach/A1A) Ocean Wine & Spirits ,71.0,13.0,0.144,,,2
088004144708,FIREBALL 50ML,(Las Olas) Ocean Wine & Spirits ,71.0,29.0,0.322,,,3
088004144708,FIREBALL 50ML,Beach Liquors & Cigars ,71.0,28.0,0.311,,,3
088004144708,FIREBALL 50ML,Warehouse,71.0,0,0.0,,,0
786162001511,SMART WATER SPORTS CAP 700ML,(Bayview/Coral Ridge) Ocean Wine & Spirits ,66.0,4.0,0.044,,,1
786162001511,SMART WATER SPORTS CAP 700ML,(FTL Beach/A1A) Ocean Wine & Spirits ,66.0,20.0,0.222,,,2
786162001511,SMART WATER SPORTS CAP 700ML,(Las Olas) Ocean Wine & Spirits ,66.0,8.0,0.089,,,1
786162001511,SMART WATER SPORTS CAP 700ML,Beach Liquors & Cigars ,66.0,34.0,0.378,,,4
786162001511,SMART WATER SPORTS CAP 700ML,Warehouse,66.0,0,0.0,,,0
02838423,MARLBORO GOLD CIGARETTE BOX,(Bayview/Coral Ridge) Ocean Wine & Spirits ,59.0,0,0.0,,,0
02838423,MARLBORO GOLD CIGARETTE BOX,(FTL Beach/A1A) Ocean Wine & Spirits ,59.0,11.0,0.122,,,2
02838423,MARLBORO GOLD CIGARETTE BOX,(Las Olas) Ocean Wine & Spirits ,59.0,26.0,0.289,,,3
02838423,MARLBORO GOLD CIGARETTE BOX,Beach Liquors & Cigars ,59.0,22.0,0.244,,,3
02838423,MARLBORO GOLD CIGARETTE BOX,Warehouse,59.0,0,0.0,,,0
73430562226,ZEPHYRHILLS 23.7OZ Sports Cap,(Bayview/Coral Ridge) Ocean Wine & Spirits ,53.0,0,0.0,,,0
73430562226,ZEPHYRHILLS 23.7OZ Sports Cap,(FTL Beach/A1A) Ocean Wine & Spirits ,53.0,7.0,0.078,,,1
73430562226,ZEPHYRHILLS 23.7OZ Sports Cap,(Las Olas) Ocean Wine & Spirits ,53.0,8.0,0.089,,,1
73430562226,ZEPHYRHILLS 23.7OZ Sports Cap,Beach Liquors & Cigars ,53.0,38.0,0.422,,,4
73430562226,ZEPHYRHILLS 23.7OZ Sports Cap,Warehouse,53.0,0,0.0,,,0
619947000037,TITOS HANDMADE VODKA 80 1.75L,(Bayview/Coral Ridge) Ocean Wine & Spirits ,52.0,12.0,0.133,,,2
619947000037,TITOS HANDMADE VODKA 80 1.75L,(FTL Beach/A1A) Ocean Wine & Spirits ,52.0,5.0,0.056,,,1
619947000037,TITOS HANDMADE VODKA 80 1.75L,(Las Olas) Ocean Wine & Spirits ,52.0,28.0,0.311,,,3
619947000037,TITOS HANDMADE VODKA 80 1.75L,Beach Liquors & Cigars ,52.0,7.0,0.078,,,1
619947000037,TITOS HANDMADE VODKA 80 1.75L,Warehouse,52.0,0,0.0,,,0
25900227333,SWISHER SWEETS 2PK,(Bayview/Coral Ridge) Ocean Wine & Spirits ,49.0,0,0.0,,,0
25900227333,SWISHER SWEETS 2PK,(FTL Beach/A1A) Ocean Wine & Spirits ,49.0,10.0,0.111,,,2
25900227333,SWISHER SWEETS 2PK,(Las Olas) Ocean Wine & Spirits ,49.0,0,0.0,,,0
25900227333,SWISHER SWEETS 2PK,Beach Liquors & Cigars ,49.0,39.0,0.433,,,4
25900227333,SWISHER SWEETS 2PK,Warehouse,49.0,0,0.0,,,0
52000324815,Gatorade Cool Blue 20oz,(Bayview/Coral Ridge) Ocean Wine & Spirits ,47.0,2.0,0.022,,,1
52000324815,Gatorade Cool Blue 20oz,(FTL Beach/A1A) Ocean Wine & Spirits ,47.0,6.0,0.067,,,1
52000324815,Gatorade Cool Blue 20oz,(Las Olas) Ocean Wine & Spirits ,47.0,10.0,0.111,,,2
52000324815,Gatorade Cool Blue 20oz,Beach Liquors & Cigars ,47.0,29.0,0.322,,,3
52000324815,Gatorade Cool Blue 20oz,Warehouse,47.0,0,0.0,,,0
283572,MARLBORO RED SHORTS,(Bayview/Coral Ridge) Ocean Wine & Spirits ,46.0,0,0.0,,,0
283572,MARLBORO RED SHORTS,(FTL Beach/A1A) Ocean Wine & Spirits ,46.0,5.0,0.056,,,1
283572,MARLBORO RED SHORTS,(Las Olas) Ocean Wine & Spirits ,46.0,21.0,0.233,,,3
283572,MARLBORO RED SHORTS,Beach Liquors & Cigars ,46.0,20.0,0.222,,,2
283572,MARLBORO RED SHORTS,Warehouse,46.0,0,0.0,,,0
497640,SPRITE 20OZ,(Bayview/Coral Ridge) Ocean Wine & Spirits ,42.0,0,0.0,,,0
497640,SPRITE 20OZ,(FTL Beach/A1A) Ocean Wine & Spirits ,42.0,10.0,0.111,,,2
497640,SPRITE 20OZ,(Las Olas) Ocean Wine & Spirits ,42.0,11.0,0.122,,,2
497640,SPRITE 20OZ,Beach Liquors & Cigars ,42.0,21.0,0.233,,,3
497640,SPRITE 20OZ,Warehouse,42.0,0,0.0,,,0
08567507,NEW AMSTERDAM PINK WHITNEY 50ML,(Bayview/Coral Ridge) Ocean Wine & Spirits ,41.0,0,0.0,,,0
08567507,NEW AMSTERDAM PINK WHITNEY 50ML,(FTL Beach/A1A) Ocean Wine & Spirits ,41.0,13.0,0.144,,,2
08567507,NEW AMSTERDAM PINK WHITNEY 50ML,(Las Olas) Ocean Wine & Spirits ,41.0,22.0,0.244,,,3
08567507,NEW AMSTERDAM PINK WHITNEY 50ML,Beach Liquors & Cigars ,41.0,6.0,0.067,,,1
08567507,NEW AMSTERDAM PINK WHITNEY 50ML,Warehouse,41.0,0,0.0,,,0
611269818994,Red bull 12oz,(Bayview/Coral Ridge) Ocean Wine & Spirits ,40.0,9.0,0.1,,,1
611269818994,Red bull 12oz,(FTL Beach/A1A) Ocean Wine & Spirits ,40.0,2.0,0.022,,,1
611269818994,Red bull 12oz,(Las Olas) Ocean Wine & Spirits ,40.0,17.0,0.189,,,2
611269818994,Red bull 12oz,Beach Liquors & Cigars ,40.0,12.0,0.133,,,2
611269818994,Red bull 12oz,Warehouse,40.0,0,0.0,,,0
632565000012,FIJI 500ML SINGLE,(Bayview/Coral Ridge) Ocean Wine & Spirits ,40.0,2.0,0.022,,,1
632565000012,FIJI 500ML SINGLE,(FTL Beach/A1A) Ocean Wine & Spirits ,40.0,2.0,0.022,,,1
632565000012,FIJI 500ML SINGLE,(Las Olas) Ocean Wine & Spirits ,40.0,16.0,0.178,,,2
632565000012,FIJI 500ML SINGLE,Beach Liquors & Cigars ,40.0,20.0,0.222,,,2
632565000012,FIJI 500ML SINGLE,Warehouse,40.0,0,0.0,,,0
LIMES,LIMES,(Bayview/Coral Ridge) Ocean Wine & Spirits ,39.0,14.0,0.156,,,2
LIMES,LIMES,(FTL Beach/A1A) Ocean Wine & Spirits ,39.0,10.0,0.111,,,2
LIMES,LIMES,(Las Olas) Ocean Wine & Spirits ,39.0,12.0,0.133,,,2
LIMES,LIMES,Beach Liquors & Cigars ,39.0,3.0,0.033,,,1
LIMES,LIMES,Warehouse,39.0,0,0.0,,,0
898999010007,VITA COCO COCONUT WATER 500ML CARTON,(Bayview/Coral Ridge) Ocean Wine & Spirits ,37.0,3.0,0.033,,,1
898999010007,VITA COCO COCONUT WATER 500ML CARTON,(FTL Beach/A1A) Ocean Wine & Spirits ,37.0,11.0,0.122,,,2
898999010007,VITA COCO COCONUT WATER 500ML CARTON,(Las Olas) Ocean Wine & Spirits ,37.0,7.0,0.078,,,1
898999010007,VITA COCO COCONUT WATER 500ML CARTON,Beach Liquors & Cigars ,37.0,16.0,0.178,,,2
898999010007,VITA COCO COCONUT WATER 500ML CARTON,Warehouse,37.0,0,0.0,,,0
674545000421,DON JULIO REPO 50ML,(Bayview/Coral Ridge) Ocean Wine & Spirits ,37.0,5.0,0.056,,,1
674545000421,DON JULIO REPO 50ML,(FTL Beach/A1A) Ocean Wine & Spirits ,37.0,8.0,0.089,,,1
674545000421,DON JULIO REPO 50ML,(Las Olas) Ocean Wine & Spirits ,37.0,12.0,0.133,,,2
674545000421,DON JULIO REPO 50ML,Beach Liquors & Cigars ,37.0,12.0,0.133,,,2
674545000421,DON JULIO REPO 50ML,Warehouse,37.0,0,0.0,,,0
31200009906,OCEAN SPRAY CRANBERRY 15.2FL OZ,(Bayview/Coral Ridge) Ocean Wine & Spirits ,36.0,9.0,0.1,,,1
31200009906,OCEAN SPRAY CRANBERRY 15.2FL OZ,(FTL Beach/A1A) Ocean Wine & Spirits ,36.0,6.0,0.067,,,1
31200009906,OCEAN SPRAY CRANBERRY 15.2FL OZ,(Las Olas) Ocean Wine & Spirits ,36.0,8.0,0.089,,,1
31200009906,OCEAN SPRAY CRANBERRY 15.2FL OZ,Beach Liquors & Cigars ,36.0,13.0,0.144,,,2
31200009906,OCEAN SPRAY CRANBERRY 15.2FL OZ,Warehouse,36.0,0,0.0,,,0
1852424,MICHELOB ULTRA 16OZ CAN,(Bayview/Coral Ridge) Ocean Wine & Spirits ,36.0,0,0.0,,,0
1852424,MICHELOB ULTRA 16OZ CAN,(FTL Beach/A1A) Ocean Wine & Spirits ,36.0,0,0.0,,,0
1852424,MICHELOB ULTRA 16OZ CAN,(Las Olas) Ocean Wine & Spirits ,36.0,13.0,0.144,,,2
1852424,MICHELOB ULTRA 16OZ CAN,Beach Liquors & Cigars ,36.0,23.0,0.256,,,3
1852424,MICHELOB ULTRA 16OZ CAN,Warehouse,36.0,0,0.0,,,0
8588005,NEW AMSTERDAM VODKA 80 50ML,(Bayview/Coral Ridge) Ocean Wine & Spirits ,35.0,0,0.0,,,0
8588005,NEW AMSTERDAM VODKA 80 50ML,(FTL Beach/A1A) Ocean Wine & Spirits ,35.0,7.0,0.078,,,1
8588005,NEW AMSTERDAM VODKA 80 50ML,(Las Olas) Ocean Wine & Spirits ,35.0,17.0,0.189,,,2
8588005,NEW AMSTERDAM VODKA 80 50ML,Beach Liquors & Cigars ,35.0,11.0,0.122,,,2
8588005,NEW AMSTERDAM VODKA 80 50ML,Warehouse,35.0,0,0.0,,,0
490450,DIET COKE 20OZ,(Bayview/Coral Ridge) Ocean Wine & Spirits ,34.0,0,0.0,,,0
490450,DIET COKE 20OZ,(FTL Beach/A1A) Ocean Wine & Spirits ,34.0,12.0,0.133,,,2
490450,DIET COKE 20OZ,(Las Olas) Ocean Wine & Spirits ,34.0,15.0,0.167,,,2
490450,DIET COKE 20OZ,Beach Liquors & Cigars ,34.0,7.0,0.078,,,1
490450,DIET COKE 20OZ,Warehouse,34.0,0,0.0,,,0
210000000884,RED BULL 8.4OZ,(Bayview/Coral Ridge) Ocean Wine & Spirits ,34.0,3.0,0.033,,,1
210000000884,RED BULL 8.4OZ,(FTL Beach/A1A) Ocean Wine & Spirits ,34.0,2.0,0.022,,,1
210000000884,RED BULL 8.4OZ,(Las Olas) Ocean Wine & Spirits ,34.0,11.0,0.122,,,2
210000000884,RED BULL 8.4OZ,Beach Liquors & Cigars ,34.0,18.0,0.2,,,2
210000000884,RED BULL 8.4OZ,Warehouse,34.0,0,0.0,,,0
70137100188,BLACK & MILD REGULAR PLASTIC SINGLE,(Bayview/Coral Ridge) Ocean Wine & Spirits ,34.0,0,0.0,,,0
70137100188,BLACK & MILD REGULAR PLASTIC SINGLE,(FTL Beach/A1A) Ocean Wine & Spirits ,34.0,5.0,0.056,,,1
70137100188,BLACK & MILD REGULAR PLASTIC SINGLE,(Las Olas) Ocean Wine & Spirits ,34.0,5.0,0.056,,,1
70137100188,BLACK & MILD REGULAR PLASTIC SINGLE,Beach Liquors & Cigars ,34.0,24.0,0.267,,,3
70137100188,BLACK & MILD REGULAR PLASTIC SINGLE,Warehouse,34.0,0,0.0,,,0
210000009094,TIP TOP BEE'S KNEES Single Can 100ml,(Bayview/Coral Ridge) Ocean Wine & Spirits ,33.0,0,0.0,,,0
210000009094,TIP TOP BEE'S KNEES Single Can 100ml,(FTL Beach/A1A) Ocean Wine & Spirits ,33.0,0,0.0,,,0
210000009094,TIP TOP BEE'S KNEES Single Can 100ml,(Las Olas) Ocean Wine & Spirits ,33.0,33.0,0.367,,,4
210000009094,TIP TOP BEE'S KNEES Single Can 100ml,Beach Liquors & Cigars ,33.0,0,0.0,,,0
210000009094,TIP TOP BEE'S KNEES Single Can 100ml,Warehouse,33.0,0,0.0,,,0
76737124562,EVERFRESH PINEAPPLE 16OZ GLASS BOTTLE,(Bayview/Coral Ridge) Ocean Wine & Spirits ,32.0,4.0,0.044,,,1
76737124562,EVERFRESH PINEAPPLE 16OZ GLASS BOTTLE,(FTL Beach/A1A) Ocean Wine & Spirits ,32.0,5.0,0.056,,,1
76737124562,EVERFRESH PINEAPPLE 16OZ GLASS BOTTLE,(Las Olas) Ocean Wine & Spirits ,32.0,12.0,0.133,,,2
76737124562,EVERFRESH PINEAPPLE 16OZ GLASS BOTTLE,Beach Liquors & Cigars ,32.0,11.0,0.122,,,2
76737124562,EVERFRESH PINEAPPLE 16OZ GLASS BOTTLE,Warehouse,32.0,0,0.0,,,0
657227000339,ESSENTIA IONIZED 1L,(Bayview/Coral Ridge) Ocean Wine & Spirits ,32.0,0,0.0,,,0
657227000339,ESSENTIA IONIZED 1L,(FTL Beach/A1A) Ocean Wine & Spirits ,32.0,11.0,0.122,,,2
657227000339,ESSENTIA IONIZED 1L,(Las Olas) Ocean Wine & Spirits ,32.0,5.0,0.056,,,1
657227000339,ESSENTIA IONIZED 1L,Beach Liquors & Cigars ,32.0,16.0,0.178,,,2
657227000339,ESSENTIA IONIZED 1L,Warehouse,32.0,0,0.0,,,0
048500018668,TROPICANA LEMONADE 11.oz,(Bayview/Coral Ridge) Ocean Wine & Spirits ,32.0,1.0,0.011,,,1
048500018668,TROPICANA LEMONADE 11.oz,(FTL Beach/A1A) Ocean Wine & Spirits ,32.0,8.0,0.089,,,1
048500018668,TROPICANA LEMONADE 11.oz,(Las Olas) Ocean Wine & Spirits ,32.0,8.0,0.089,,,1
048500018668,TROPICANA LEMONADE 11.oz,Beach Liquors & Cigars ,32.0,15.0,0.167,,,2
048500018668,TROPICANA LEMONADE 11.oz,Warehouse,32.0,0,0.0,,,0
080660956886,CORONA EXTRA 16OZ CAN,(Bayview/Coral Ridge) Ocean Wine & Spirits ,32.0,0,0.0,,,0
080660956886,CORONA EXTRA 16OZ CAN,(FTL Beach/A1A) Ocean Wine & Spirits ,32.0,2.0,0.022,,,1
080660956886,CORONA EXTRA 16OZ CAN,(Las Olas) Ocean Wine & Spirits ,32.0,14.0,0.156,,,2
080660956886,CORONA EXTRA 16OZ CAN,Beach Liquors & Cigars ,32.0,16.0,0.178,,,2
080660956886,CORONA EXTRA 16OZ CAN,Warehouse,32.0,0,0.0,,,0
052000204087,Gatorade Fruit Punch 20oz,(Bayview/Coral Ridge) Ocean Wine & Spirits ,31.0,0,0.0,,,0
052000204087,Gatorade Fruit Punch 20oz,(FTL Beach/A1A) Ocean Wine & Spirits ,31.0,8.0,0.089,,,1
052000204087,Gatorade Fruit Punch 20oz,(Las Olas) Ocean Wine & Spirits ,31.0,14.0,0.156,,,2
052000204087,Gatorade Fruit Punch 20oz,Beach Liquors & Cigars ,31.0,9.0,0.1,,,1
052000204087,Gatorade Fruit Punch 20oz,Warehouse,31.0,0,0.0,,,0
210000010697,SURFSIDE LEMONADE 8 PACK,(Bayview/Coral Ridge) Ocean Wine & Spirits ,31.0,3.0,0.033,,,1
210000010697,SURFSIDE LEMONADE 8 PACK,(FTL Beach/A1A) Ocean Wine & Spirits ,31.0,5.0,0.056,,,1
210000010697,SURFSIDE LEMONADE 8 PACK,(Las Olas) Ocean Wine & Spirits ,31.0,18.0,0.2,,,2
210000010697,SURFSIDE LEMONADE 8 PACK,Beach Liquors & Cigars ,31.0,5.0,0.056,,,1
210000010697,SURFSIDE LEMONADE 8 PACK,Warehouse,31.0,0,0.0,,,0
52000328677,Gatorade Orange 20oz,(Bayview/Coral Ridge) Ocean Wine & Spirits ,30.0,0,0.0,,,0
52000328677,Gatorade Orange 20oz,(FTL Beach/A1A) Ocean Wine & Spirits ,30.0,7.0,0.078,,,1
52000328677,Gatorade Orange 20oz,(Las Olas) Ocean Wine & Spirits ,30.0,13.0,0.144,,,2
52000328677,Gatorade Orange 20oz,Beach Liquors & Cigars ,30.0,10.0,0.111,,,2
52000328677,Gatorade Orange 20oz,Warehouse,30.0,0,0.0,,,0
210000000026,TITOS HANDMADE VODKA 80  375ML,(Bayview/Coral Ridge) Ocean Wine & Spirits ,30.0,5.0,0.056,,,1
210000000026,TITOS HANDMADE VODKA 80  375ML,(FTL Beach/A1A) Ocean Wine & Spirits ,30.0,5.0,0.056,,,1
210000000026,TITOS HANDMADE VODKA 80  375ML,(Las Olas) Ocean Wine & Spirits ,30.0,5.0,0.056,,,1
210000000026,TITOS HANDMADE VODKA 80  375ML,Beach Liquors & Cigars ,30.0,15.0,0.167,,,2
210000000026,TITOS HANDMADE VODKA 80  375ML,Warehouse,30.0,0,0.0,,,0
210000012104,HEETS BRONZE FOR IQOS,(Bayview/Coral Ridge) Ocean Wine & Spirits ,30.0,1.0,0.011,,,1
210000012104,HEETS BRONZE FOR IQOS,(FTL Beach/A1A) Ocean Wine & Spirits ,30.0,0,0.0,,,0
210000012104,HEETS BRONZE FOR IQOS,(Las Olas) Ocean Wine & Spirits ,30.0,29.0,0.322,,,3
210000012104,HEETS BRONZE FOR IQOS,Beach Liquors & Cigars ,30.0,0,0.0,,,0
210000012104,HEETS BRONZE FOR IQOS,Warehouse,30.0,0,0.0,,,0
74780515504,MAISON PERRIER SPARKLING WATER 500ML,(Bayview/Coral Ridge) Ocean Wine & Spirits ,29.0,1.0,0.011,,,1
74780515504,MAISON PERRIER SPARKLING WATER 500ML,(FTL Beach/A1A) Ocean Wine & Spirits ,29.0,6.0,0.067,,,1
74780515504,MAISON PERRIER SPARKLING WATER 500ML,(Las Olas) Ocean Wine & Spirits ,29.0,17.0,0.189,,,2
74780515504,MAISON PERRIER SPARKLING WATER 500ML,Beach Liquors & Cigars ,29.0,5.0,0.056,,,1
74780515504,MAISON PERRIER SPARKLING WATER 500ML,Warehouse,29.0,0,0.0,,,0
210000012083,BLACK N MILD JAZZ,(Bayview/Coral Ridge) Ocean Wine & Spirits ,28.0,0,0.0,,,0
210000012083,BLACK N MILD JAZZ,(FTL Beach/A1A) Ocean Wine & Spirits ,28.0,0,0.0,,,0
210000012083,BLACK N MILD JAZZ,(Las Olas) Ocean Wine & Spirits ,28.0,0,0.0,,,0
210000012083,BLACK N MILD JAZZ,Beach Liquors & Cigars ,28.0,28.0,0.311,,,3
210000012083,BLACK N MILD JAZZ,Warehouse,28.0,0,0.0,,,0
049000040869,COCA COLA ZERO SUGAR 20OZ,(Bayview/Coral Ridge) Ocean Wine & Spirits ,28.0,3.0,0.033,,,1
049000040869,COCA COLA ZERO SUGAR 20OZ,(FTL Beach/A1A) Ocean Wine & Spirits ,28.0,9.0,0.1,,,1
049000040869,COCA COLA ZERO SUGAR 20OZ,(Las Olas) Ocean Wine & Spirits ,28.0,8.0,0.089,,,1
049000040869,COCA COLA ZERO SUGAR 20OZ,Beach Liquors & Cigars ,28.0,8.0,0.089,,,1
049000040869,COCA COLA ZERO SUGAR 20OZ,Warehouse,28.0,0,0.0,,,0
265751,NEWPORT SHORT'S BOX,(Bayview/Coral Ridge) Ocean Wine & Spirits ,28.0,5.0,0.056,,,1
265751,NEWPORT SHORT'S BOX,(FTL Beach/A1A) Ocean Wine & Spirits ,28.0,4.0,0.044,,,1
265751,NEWPORT SHORT'S BOX,(Las Olas) Ocean Wine & Spirits ,28.0,5.0,0.056,,,1
265751,NEWPORT SHORT'S BOX,Beach Liquors & Cigars ,28.0,14.0,0.156,,,2
265751,NEWPORT SHORT'S BOX,Warehouse,28.0,0,0.0,,,0
210000012100,HEETS GREEN FOR IQOS,(Bayview/Coral Ridge) Ocean Wine & Spirits ,27.0,4.0,0.044,,,1
210000012100,HEETS GREEN FOR IQOS,(FTL Beach/A1A) Ocean Wine & Spirits ,27.0,0,0.0,,,0
210000012100,HEETS GREEN FOR IQOS,(Las Olas) Ocean Wine & Spirits ,27.0,23.0,0.256,,,3
210000012100,HEETS GREEN FOR IQOS,Beach Liquors & Cigars ,27.0,0,0.0,,,0
210000012100,HEETS GREEN FOR IQOS,Warehouse,27.0,0,0.0,,,0
619947000013,TITOS HANDMADE VODKA 80 1L,(Bayview/Coral Ridge) Ocean Wine & Spirits ,27.0,4.0,0.044,,,1
619947000013,TITOS HANDMADE VODKA 80 1L,(FTL Beach/A1A) Ocean Wine & Spirits ,27.0,7.0,0.078,,,1
619947000013,TITOS HANDMADE VODKA 80 1L,(Las Olas) Ocean Wine & Spirits ,27.0,9.0,0.1,,,1
619947000013,TITOS HANDMADE VODKA 80 1L,Beach Liquors & Cigars ,27.0,7.0,0.078,,,1
619947000013,TITOS HANDMADE VODKA 80 1L,Warehouse,27.0,0,0.0,,,0
48500008614,Tropicana  Apple 15.2oz,(Bayview/Coral Ridge) Ocean Wine & Spirits ,26.0,0,0.0,,,0
48500008614,Tropicana  Apple 15.2oz,(FTL Beach/A1A) Ocean Wine & Spirits ,26.0,6.0,0.067,,,1
48500008614,Tropicana  Apple 15.2oz,(Las Olas) Ocean Wine & Spirits ,26.0,6.0,0.067,,,1
48500008614,Tropicana  Apple 15.2oz,Beach Liquors & Cigars ,26.0,14.0,0.156,,,2
48500008614,Tropicana  Apple 15.2oz,Warehouse,26.0,0,0.0,,,0
496340,Coke 12oz Single Can,(Bayview/Coral Ridge) Ocean Wine & Spirits ,26.0,0,0.0,,,0
496340,Coke 12oz Single Can,(FTL Beach/A1A) Ocean Wine & Spirits ,26.0,0,0.0,,,0
496340,Coke 12oz Single Can,(Las Olas) Ocean Wine & Spirits ,26.0,11.0,0.122,,,2
496340,Coke 12oz Single Can,Beach Liquors & Cigars ,26.0,15.0,0.167,,,2
496340,Coke 12oz Single Can,Warehouse,26.0,0,0.0,,,0
49000037197,SPRITE ZERO SUGAR 20OZ,(Bayview/Coral Ridge) Ocean Wine & Spirits ,26.0,5.0,0.056,,,1
49000037197,SPRITE ZERO SUGAR 20OZ,(FTL Beach/A1A) Ocean Wine & Spirits ,26.0,4.0,0.044,,,1
49000037197,SPRITE ZERO SUGAR 20OZ,(Las Olas) Ocean Wine & Spirits ,26.0,10.0,0.111,,,2
49000037197,SPRITE ZERO SUGAR 20OZ,Beach Liquors & Cigars ,26.0,7.0,0.078,,,1
49000037197,SPRITE ZERO SUGAR 20OZ,Warehouse,26.0,0,0.0,,,0
619947000020,TITOS 750ML,(Bayview/Coral Ridge) Ocean Wine & Spirits ,25.0,3.0,0.033,,,1
619947000020,TITOS 750ML,(FTL Beach/A1A) Ocean Wine & Spirits ,25.0,5.0,0.056,,,1
619947000020,TITOS 750ML,(Las Olas) Ocean Wine & Spirits ,25.0,17.0,0.189,,,2
619947000020,TITOS 750ML,Beach Liquors & Cigars ,25.0,0,0.0,,,0
619947000020,TITOS 750ML,Warehouse,25.0,0,0.0,,,0
052000043549,GATORADE GLACIER FREEZE ZERO 20OZ,(Bayview/Coral Ridge) Ocean Wine & Spirits ,25.0,0,0.0,,,0
052000043549,GATORADE GLACIER FREEZE ZERO 20OZ,(FTL Beach/A1A) Ocean Wine & Spirits ,25.0,0,0.0,,,0
052000043549,GATORADE GLACIER FREEZE ZERO 20OZ,(Las Olas) Ocean Wine & Spirits ,25.0,9.0,0.1,,,1
052000043549,GATORADE GLACIER FREEZE ZERO 20OZ,Beach Liquors & Cigars ,25.0,16.0,0.178,,,2
052000043549,GATORADE GLACIER FREEZE ZERO 20OZ,Warehouse,25.0,0,0.0,,,0
31200200075,OCEAN SPRAY CRANBERRY 64OZ,(Bayview/Coral Ridge) Ocean Wine & Spirits ,25.0,0,0.0,,,0
31200200075,OCEAN SPRAY CRANBERRY 64OZ,(FTL Beach/A1A) Ocean Wine & Spirits ,25.0,8.0,0.089,,,1
31200200075,OCEAN SPRAY CRANBERRY 64OZ,(Las Olas) Ocean Wine & Spirits ,25.0,10.0,0.111,,,2
31200200075,OCEAN SPRAY CRANBERRY 64OZ,Beach Liquors & Cigars ,25.0,7.0,0.078,,,1
31200200075,OCEAN SPRAY CRANBERRY 64OZ,Warehouse,25.0,0,0.0,,,0
MINI,MINI ICE BAGS,(Bayview/Coral Ridge) Ocean Wine & Spirits ,25.0,0,0.0,,,0
MINI,MINI ICE BAGS,(FTL Beach/A1A) Ocean Wine & Spirits ,25.0,0,0.0,,,0
MINI,MINI ICE BAGS,(Las Olas) Ocean Wine & Spirits ,25.0,22.0,0.244,,,3
MINI,MINI ICE BAGS,Beach Liquors & Cigars ,25.0,3.0,0.033,,,1
MINI,MINI ICE BAGS,Warehouse,25.0,0,0.0,,,0
210000011774,RAW PREROLLS THC 2G,(Bayview/Coral Ridge) Ocean Wine & Spirits ,25.0,0,0.0,,,0
210000011774,RAW PREROLLS THC 2G,(FTL Beach/A1A) Ocean Wine & Spirits ,25.0,0,0.0,,,0
210000011774,RAW PREROLLS THC 2G,(Las Olas) Ocean Wine & Spirits ,25.0,3.0,0.033,,,1
210000011774,RAW PREROLLS THC 2G,Beach Liquors & Cigars ,25.0,22.0,0.244,,,3
210000011774,RAW PREROLLS THC 2G,Warehouse,25.0,0,0.0,,,0
052000204094,Gatorade Lemon  Lime 20oz,(Bayview/Coral Ridge) Ocean Wine & Spirits ,24.0,2.0,0.022,,,1
052000204094,Gatorade Lemon  Lime 20oz,(FTL Beach/A1A) Ocean Wine & Spirits ,24.0,5.0,0.056,,,1
052000204094,Gatorade Lemon  Lime 20oz,(Las Olas) Ocean Wine & Spirits ,24.0,7.0,0.078,,,1
052000204094,Gatorade Lemon  Lime 20oz,Beach Liquors & Cigars ,24.0,10.0,0.111,,,2
052000204094,Gatorade Lemon  Lime 20oz,Warehouse,24.0,0,0.0,,,0
80660957609,MODELO ESPECIAL 16OZ CAN,(Bayview/Coral Ridge) Ocean Wine & Spirits ,24.0,0,0.0,,,0
80660957609,MODELO ESPECIAL 16OZ CAN,(FTL Beach/A1A) Ocean Wine & Spirits ,24.0,10.0,0.111,,,2
80660957609,MODELO ESPECIAL 16OZ CAN,(Las Olas) Ocean Wine & Spirits ,24.0,6.0,0.067,,,1
80660957609,MODELO ESPECIAL 16OZ CAN,Beach Liquors & Cigars ,24.0,8.0,0.089,,,1
80660957609,MODELO ESPECIAL 16OZ CAN,Warehouse,24.0,0,0.0,,,0
674545000414,DON JULIO TEQUILA REPOSADO 80 750ML,(Bayview/Coral Ridge) Ocean Wine & Spirits ,23.0,1.0,0.011,,,1
674545000414,DON JULIO TEQUILA REPOSADO 80 750ML,(FTL Beach/A1A) Ocean Wine & Spirits ,23.0,7.0,0.078,,,1
674545000414,DON JULIO TEQUILA REPOSADO 80 750ML,(Las Olas) Ocean Wine & Spirits ,23.0,4.0,0.044,,,1
674545000414,DON JULIO TEQUILA REPOSADO 80 750ML,Beach Liquors & Cigars ,23.0,11.0,0.122,,,2
674545000414,DON JULIO TEQUILA REPOSADO 80 750ML,Warehouse,23.0,0,0.0,,,0
71610203648,DUCTH BERRY FUSION 2PK,(Bayview/Coral Ridge) Ocean Wine & Spirits ,23.0,0,0.0,,,0
71610203648,DUCTH BERRY FUSION 2PK,(FTL Beach/A1A) Ocean Wine & Spirits ,23.0,0,0.0,,,0
71610203648,DUCTH BERRY FUSION 2PK,(Las Olas) Ocean Wine & Spirits ,23.0,23.0,0.256,,,3
71610203648,DUCTH BERRY FUSION 2PK,Beach Liquors & Cigars ,23.0,0,0.0,,,0
71610203648,DUCTH BERRY FUSION 2PK,Warehouse,23.0,0,0.0,,,0
78000146455,CANADA DRY CLUB SODA 1L,(Bayview/Coral Ridge) Ocean Wine & Spirits ,22.0,4.0,0.044,,,1
78000146455,CANADA DRY CLUB SODA 1L,(FTL Beach/A1A) Ocean Wine & Spirits ,22.0,7.0,0.078,,,1
78000146455,CANADA DRY CLUB SODA 1L,(Las Olas) Ocean Wine & Spirits ,22.0,7.0,0.078,,,1
78000146455,CANADA DRY CLUB SODA 1L,Beach Liquors & Cigars ,22.0,4.0,0.044,,,1
78000146455,CANADA DRY CLUB SODA 1L,Warehouse,22.0,0,0.0,,,0
079298400113,EVIAN SPORT TOP 750ML SINGLE,(Bayview/Coral Ridge) Ocean Wine & Spirits ,22.0,1.0,0.011,,,1
079298400113,EVIAN SPORT TOP 750ML SINGLE,(FTL Beach/A1A) Ocean Wine & Spirits ,22.0,7.0,0.078,,,1
079298400113,EVIAN SPORT TOP 750ML SINGLE,(Las Olas) Ocean Wine & Spirits ,22.0,4.0,0.044,,,1
079298400113,EVIAN SPORT TOP 750ML SINGLE,Beach Liquors & Cigars ,22.0,10.0,0.111,,,2
079298400113,EVIAN SPORT TOP 750ML SINGLE,Warehouse,22.0,0,0.0,,,0
86024007874,MARGARITAVILLE SILVER TEQ 50ML,(Bayview/Coral Ridge) Ocean Wine & Spirits ,21.0,0,0.0,,,0
86024007874,MARGARITAVILLE SILVER TEQ 50ML,(FTL Beach/A1A) Ocean Wine & Spirits ,21.0,0,0.0,,,0
86024007874,MARGARITAVILLE SILVER TEQ 50ML,(Las Olas) Ocean Wine & Spirits ,21.0,11.0,0.122,,,2
86024007874,MARGARITAVILLE SILVER TEQ 50ML,Beach Liquors & Cigars ,21.0,10.0,0.111,,,2
86024007874,MARGARITAVILLE SILVER TEQ 50ML,Warehouse,21.0,0,0.0,,,0
49000050103,COCA COLA 2L,(Bayview/Coral Ridge) Ocean Wine & Spirits ,21.0,0,0.0,,,0
49000050103,COCA COLA 2L,(FTL Beach/A1A) Ocean Wine & Spirits ,21.0,7.0,0.078,,,1
49000050103,COCA COLA 2L,(Las Olas) Ocean Wine & Spirits ,21.0,11.0,0.122,,,2
49000050103,COCA COLA 2L,Beach Liquors & Cigars ,21.0,3.0,0.033,,,1
49000050103,COCA COLA 2L,Warehouse,21.0,0,0.0,,,0
85000012017,WHITEHAVEN SAUVIGNON BLANC 750ML,(Bayview/Coral Ridge) Ocean Wine & Spirits ,21.0,4.0,0.044,,,1
85000012017,WHITEHAVEN SAUVIGNON BLANC 750ML,(FTL Beach/A1A) Ocean Wine & Spirits ,21.0,0,0.0,,,0
85000012017,WHITEHAVEN SAUVIGNON BLANC 750ML,(Las Olas) Ocean Wine & Spirits ,21.0,17.0,0.189,,,2
85000012017,WHITEHAVEN SAUVIGNON BLANC 750ML,Beach Liquors & Cigars ,21.0,0,0.0,,,0
85000012017,WHITEHAVEN SAUVIGNON BLANC 750ML,Warehouse,21.0,0,0.0,,,0
193968016890,MEMBERS MARK ORANGE JUICE 1.5L,(Bayview/Coral Ridge) Ocean Wine & Spirits ,21.0,0,0.0,,,0
193968016890,MEMBERS MARK ORANGE JUICE 1.5L,(FTL Beach/A1A) Ocean Wine & Spirits ,21.0,4.0,0.044,,,1
193968016890,MEMBERS MARK ORANGE JUICE 1.5L,(Las Olas) Ocean Wine & Spirits ,21.0,10.0,0.111,,,2
193968016890,MEMBERS MARK ORANGE JUICE 1.5L,Beach Liquors & Cigars ,21.0,7.0,0.078,,,1
193968016890,MEMBERS MARK ORANGE JUICE 1.5L,Warehouse,21.0,0,0.0,,,0
210000003906,MEMBERS MARK STRAWBERRY LEMONADE 1.5L,(Bayview/Coral Ridge) Ocean Wine & Spirits ,21.0,0,0.0,,,0
210000003906,MEMBERS MARK STRAWBERRY LEMONADE 1.5L,(FTL Beach/A1A) Ocean Wine & Spirits ,21.0,3.0,0.033,,,1
210000003906,MEMBERS MARK STRAWBERRY LEMONADE 1.5L,(Las Olas) Ocean Wine & Spirits ,21.0,7.0,0.078,,,1
210000003906,MEMBERS MARK STRAWBERRY LEMONADE 1.5L,Beach Liquors & Cigars ,21.0,11.0,0.122,,,2
210000003906,MEMBERS MARK STRAWBERRY LEMONADE 1.5L,Warehouse,21.0,0,0.0,,,0
283632,MARLBORO RED 100 CIGARETTE BOX,(Bayview/Coral Ridge) Ocean Wine & Spirits ,20.0,2.0,0.022,,,1
283632,MARLBORO RED 100 CIGARETTE BOX,(FTL Beach/A1A) Ocean Wine & Spirits ,20.0,1.0,0.011,,,1
283632,MARLBORO RED 100 CIGARETTE BOX,(Las Olas) Ocean Wine & Spirits ,20.0,8.0,0.089,,,1
283632,MARLBORO RED 100 CIGARETTE BOX,Beach Liquors & Cigars ,20.0,9.0,0.1,,,1
283632,MARLBORO RED 100 CIGARETTE BOX,Warehouse,20.0,0,0.0,,,0
86024007997,MARGARITAVILLE  GOLD TEQ 50ML,(Bayview/Coral Ridge) Ocean Wine & Spirits ,20.0,0,0.0,,,0
86024007997,MARGARITAVILLE  GOLD TEQ 50ML,(FTL Beach/A1A) Ocean Wine & Spirits ,20.0,0,0.0,,,0
86024007997,MARGARITAVILLE  GOLD TEQ 50ML,(Las Olas) Ocean Wine & Spirits ,20.0,19.0,0.211,,,2
86024007997,MARGARITAVILLE  GOLD TEQ 50ML,Beach Liquors & Cigars ,20.0,1.0,0.011,,,1
86024007997,MARGARITAVILLE  GOLD TEQ 50ML,Warehouse,20.0,0,0.0,,,0
210000007007,SMART WATER 1L BOTTLES,(Bayview/Coral Ridge) Ocean Wine & Spirits ,20.0,2.0,0.022,,,1
210000007007,SMART WATER 1L BOTTLES,(FTL Beach/A1A) Ocean Wine & Spirits ,20.0,1.0,0.011,,,1
210000007007,SMART WATER 1L BOTTLES,(Las Olas) Ocean Wine & Spirits ,20.0,0,0.0,,,0
210000007007,SMART WATER 1L BOTTLES,Beach Liquors & Cigars ,20.0,17.0,0.189,,,2
210000007007,SMART WATER 1L BOTTLES,Warehouse,20.0,0,0.0,,,0
018200250101,MICH ULTRA 25OZ,(Bayview/Coral Ridge) Ocean Wine & Spirits ,20.0,0,0.0,,,0
018200250101,MICH ULTRA 25OZ,(FTL Beach/A1A) Ocean Wine & Spirits ,20.0,1.0,0.011,,,1
018200250101,MICH ULTRA 25OZ,(Las Olas) Ocean Wine & Spirits ,20.0,10.0,0.111,,,2
018200250101,MICH ULTRA 25OZ,Beach Liquors & Cigars ,20.0,9.0,0.1,,,1
018200250101,MICH ULTRA 25OZ,Warehouse,20.0,0,0.0,,,0
210000008332,BEATBOX BLUE RAZBERRY 500ML,(Bayview/Coral Ridge) Ocean Wine & Spirits ,20.0,0,0.0,,,0
210000008332,BEATBOX BLUE RAZBERRY 500ML,(FTL Beach/A1A) Ocean Wine & Spirits ,20.0,0,0.0,,,0
210000008332,BEATBOX BLUE RAZBERRY 500ML,(Las Olas) Ocean Wine & Spirits ,20.0,8.0,0.089,,,1
210000008332,BEATBOX BLUE RAZBERRY 500ML,Beach Liquors & Cigars ,20.0,12.0,0.133,,,2
210000008332,BEATBOX BLUE RAZBERRY 500ML,Warehouse,20.0,0,0.0,,,0
080686001904,JIM BEAM BOURBON 80 PET 50ML,(Bayview/Coral Ridge) Ocean Wine & Spirits ,19.0,2.0,0.022,,,1
080686001904,JIM BEAM BOURBON 80 PET 50ML,(FTL Beach/A1A) Ocean Wine & Spirits ,19.0,0,0.0,,,0
080686001904,JIM BEAM BOURBON 80 PET 50ML,(Las Olas) Ocean Wine & Spirits ,19.0,13.0,0.144,,,2
080686001904,JIM BEAM BOURBON 80 PET 50ML,Beach Liquors & Cigars ,19.0,4.0,0.044,,,1
080686001904,JIM BEAM BOURBON 80 PET 50ML,Warehouse,19.0,0,0.0,,,0
786162200433,SMART WATER 20oz,(Bayview/Coral Ridge) Ocean Wine & Spirits ,19.0,0,0.0,,,0
786162200433,SMART WATER 20oz,(FTL Beach/A1A) Ocean Wine & Spirits ,19.0,3.0,0.033,,,1
786162200433,SMART WATER 20oz,(Las Olas) Ocean Wine & Spirits ,19.0,16.0,0.178,,,2
786162200433,SMART WATER 20oz,Beach Liquors & Cigars ,19.0,0,0.0,,,0
786162200433,SMART WATER 20oz,Warehouse,19.0,0,0.0,,,0
49000050158,SPRITE 2L,(Bayview/Coral Ridge) Ocean Wine & Spirits ,19.0,5.0,0.056,,,1
49000050158,SPRITE 2L,(FTL Beach/A1A) Ocean Wine & Spirits ,19.0,5.0,0.056,,,1
49000050158,SPRITE 2L,(Las Olas) Ocean Wine & Spirits ,19.0,5.0,0.056,,,1
49000050158,SPRITE 2L,Beach Liquors & Cigars ,19.0,4.0,0.044,,,1
49000050158,SPRITE 2L,Warehouse,19.0,0,0.0,,,0
816751021238,CUTWATER LIME MARGARITA 4PK,(Bayview/Coral Ridge) Ocean Wine & Spirits ,19.0,2.0,0.022,,,1
816751021238,CUTWATER LIME MARGARITA 4PK,(FTL Beach/A1A) Ocean Wine & Spirits ,19.0,8.0,0.089,,,1
816751021238,CUTWATER LIME MARGARITA 4PK,(Las Olas) Ocean Wine & Spirits ,19.0,3.0,0.033,,,1
816751021238,CUTWATER LIME MARGARITA 4PK,Beach Liquors & Cigars ,19.0,6.0,0.067,,,1
816751021238,CUTWATER LIME MARGARITA 4PK,Warehouse,19.0,0,0.0,,,0
088004009373,FIREBALL 100ML,(Bayview/Coral Ridge) Ocean Wine & Spirits ,19.0,2.0,0.022,,,1
088004009373,FIREBALL 100ML,(FTL Beach/A1A) Ocean Wine & Spirits ,19.0,6.0,0.067,,,1
088004009373,FIREBALL 100ML,(Las Olas) Ocean Wine & Spirits ,19.0,5.0,0.056,,,1
088004009373,FIREBALL 100ML,Beach Liquors & Cigars ,19.0,6.0,0.067,,,1
088004009373,FIREBALL 100ML,Warehouse,19.0,0,0.0,,,0
850025605564,SURFSIDE ICED TEA STARTER 8 PACK,(Bayview/Coral Ridge) Ocean Wine & Spirits ,19.0,7.0,0.078,,,1
850025605564,SURFSIDE ICED TEA STARTER 8 PACK,(FTL Beach/A1A) Ocean Wine & Spirits ,19.0,2.0,0.022,,,1
850025605564,SURFSIDE ICED TEA STARTER 8 PACK,(Las Olas) Ocean Wine & Spirits ,19.0,6.0,0.067,,,1
850025605564,SURFSIDE ICED TEA STARTER 8 PACK,Beach Liquors & Cigars ,19.0,4.0,0.044,,,1
850025605564,SURFSIDE ICED TEA STARTER 8 PACK,Warehouse,19.0,0,0.0,,,0
857641002609,BUZZBALLZ STRAWBERRY MARGARITA 200ML,(Bayview/Coral Ridge) Ocean Wine & Spirits ,19.0,0,0.0,,,0
857641002609,BUZZBALLZ STRAWBERRY MARGARITA 200ML,(FTL Beach/A1A) Ocean Wine & Spirits ,19.0,0,0.0,,,0
857641002609,BUZZBALLZ STRAWBERRY MARGARITA 200ML,(Las Olas) Ocean Wine & Spirits ,19.0,2.0,0.022,,,1
857641002609,BUZZBALLZ STRAWBERRY MARGARITA 200ML,Beach Liquors & Cigars ,19.0,17.0,0.189,,,2
857641002609,BUZZBALLZ STRAWBERRY MARGARITA 200ML,Warehouse,19.0,0,0.0,,,0
078000152401,CANADA DRY GINGER ALE 20OZ,(Bayview/Coral Ridge) Ocean Wine & Spirits ,19.0,1.0,0.011,,,1
078000152401,CANADA DRY GINGER ALE 20OZ,(FTL Beach/A1A) Ocean Wine & Spirits ,19.0,5.0,0.056,,,1
078000152401,CANADA DRY GINGER ALE 20OZ,(Las Olas) Ocean Wine & Spirits ,19.0,3.0,0.033,,,1
078000152401,CANADA DRY GINGER ALE 20OZ,Beach Liquors & Cigars ,19.0,10.0,0.111,,,2
078000152401,CANADA DRY GINGER ALE 20OZ,Warehouse,19.0,0,0.0,,,0
96749908516,LUNAZUL TEQ BLANCO 50ML,(Bayview/Coral Ridge) Ocean Wine & Spirits ,19.0,0,0.0,,,0
96749908516,LUNAZUL TEQ BLANCO 50ML,(FTL Beach/A1A) Ocean Wine & Spirits ,19.0,0,0.0,,,0
96749908516,LUNAZUL TEQ BLANCO 50ML,(Las Olas) Ocean Wine & Spirits ,19.0,9.0,0.1,,,1
96749908516,LUNAZUL TEQ BLANCO 50ML,Beach Liquors & Cigars ,19.0,10.0,0.111,,,2
96749908516,LUNAZUL TEQ BLANCO 50ML,Warehouse,19.0,0,0.0,,,0
14800582000,REAL LIME JUICE 2.5OZ SQUEEZE,(Bayview/Coral Ridge) Ocean Wine & Spirits ,18.0,1.0,0.011,,,1
14800582000,REAL LIME JUICE 2.5OZ SQUEEZE,(FTL Beach/A1A) Ocean Wine & Spirits ,18.0,12.0,0.133,,,2
14800582000,REAL LIME JUICE 2.5OZ SQUEEZE,(Las Olas) Ocean Wine & Spirits ,18.0,4.0,0.044,,,1
14800582000,REAL LIME JUICE 2.5OZ SQUEEZE,Beach Liquors & Cigars ,18.0,1.0,0.011,,,1
14800582000,REAL LIME JUICE 2.5OZ SQUEEZE,Warehouse,18.0,0,0.0,,,0
076737200693,EVERFRESH PINEAPPLE 32OZ,(Bayview/Coral Ridge) Ocean Wine & Spirits ,18.0,0,0.0,,,0
076737200693,EVERFRESH PINEAPPLE 32OZ,(FTL Beach/A1A) Ocean Wine & Spirits ,18.0,4.0,0.044,,,1
076737200693,EVERFRESH PINEAPPLE 32OZ,(Las Olas) Ocean Wine & Spirits ,18.0,8.0,0.089,,,1
076737200693,EVERFRESH PINEAPPLE 32OZ,Beach Liquors & Cigars ,18.0,6.0,0.067,,,1
076737200693,EVERFRESH PINEAPPLE 32OZ,Warehouse,18.0,0,0.0,,,0
18200261244,STELLA  ARTOIS 25OZ,(Bayview/Coral Ridge) Ocean Wine & Spirits ,18.0,1.0,0.011,,,1
18200261244,STELLA  ARTOIS 25OZ,(FTL Beach/A1A) Ocean Wine & Spirits ,18.0,8.0,0.089,,,1
18200261244,STELLA  ARTOIS 25OZ,(Las Olas) Ocean Wine & Spirits ,18.0,0,0.0,,,0
18200261244,STELLA  ARTOIS 25OZ,Beach Liquors & Cigars ,18.0,9.0,0.1,,,1
18200261244,STELLA  ARTOIS 25OZ,Warehouse,18.0,0,0.0,,,0
674545000605,DON JULIO REPO 375ML,(Bayview/Coral Ridge) Ocean Wine & Spirits ,18.0,2.0,0.022,,,1
674545000605,DON JULIO REPO 375ML,(FTL Beach/A1A) Ocean Wine & Spirits ,18.0,1.0,0.011,,,1
674545000605,DON JULIO REPO 375ML,(Las Olas) Ocean Wine & Spirits ,18.0,4.0,0.044,,,1
674545000605,DON JULIO REPO 375ML,Beach Liquors & Cigars ,18.0,11.0,0.122,,,2
674545000605,DON JULIO REPO 375ML,Warehouse,18.0,0,0.0,,,0
824720,SMIRNOFF VODKA 80 50ML,(Bayview/Coral Ridge) Ocean Wine & Spirits ,18.0,3.0,0.033,,,1
824720,SMIRNOFF VODKA 80 50ML,(FTL Beach/A1A) Ocean Wine & Spirits ,18.0,0,0.0,,,0
824720,SMIRNOFF VODKA 80 50ML,(Las Olas) Ocean Wine & Spirits ,18.0,8.0,0.089,,,1
824720,SMIRNOFF VODKA 80 50ML,Beach Liquors & Cigars ,18.0,7.0,0.078,,,1
824720,SMIRNOFF VODKA 80 50ML,Warehouse,18.0,0,0.0,,,0
210000002174,TRUE LIME PACKETS 1 PACKET = 1 WEDGE,(Bayview/Coral Ridge) Ocean Wine & Spirits ,18.0,0,0.0,,,0
210000002174,TRUE LIME PACKETS 1 PACKET = 1 WEDGE,(FTL Beach/A1A) Ocean Wine & Spirits ,18.0,0,0.0,,,0
210000002174,TRUE LIME PACKETS 1 PACKET = 1 WEDGE,(Las Olas) Ocean Wine & Spirits ,18.0,18.0,0.2,,,2
210000002174,TRUE LIME PACKETS 1 PACKET = 1 WEDGE,Beach Liquors & Cigars ,18.0,0,0.0,,,0
210000002174,TRUE LIME PACKETS 1 PACKET = 1 WEDGE,Warehouse,18.0,0,0.0,,,0
210000012095,DEEP EDDY PINEAPPLE 50ml,(Bayview/Coral Ridge) Ocean Wine & Spirits ,17.0,0,0.0,,,0
210000012095,DEEP EDDY PINEAPPLE 50ml,(FTL Beach/A1A) Ocean Wine & Spirits ,17.0,0,0.0,,,0
210000012095,DEEP EDDY PINEAPPLE 50ml,(Las Olas) Ocean Wine & Spirits ,17.0,9.0,0.1,,,1
210000012095,DEEP EDDY PINEAPPLE 50ml,Beach Liquors & Cigars ,17.0,8.0,0.089,,,1
210000012095,DEEP EDDY PINEAPPLE 50ml,Warehouse,17.0,0,0.0,,,0
210000011327,SUN CRUISER VODKA LEMONADE 8PK,(Bayview/Coral Ridge) Ocean Wine & Spirits ,17.0,1.0,0.011,,,1
210000011327,SUN CRUISER VODKA LEMONADE 8PK,(FTL Beach/A1A) Ocean Wine & Spirits ,17.0,0,0.0,,,0
210000011327,SUN CRUISER VODKA LEMONADE 8PK,(Las Olas) Ocean Wine & Spirits ,17.0,9.0,0.1,,,1
210000011327,SUN CRUISER VODKA LEMONADE 8PK,Beach Liquors & Cigars ,17.0,7.0,0.078,,,1
210000011327,SUN CRUISER VODKA LEMONADE 8PK,Warehouse,17.0,0,0.0,,,0
210000000284,DORITOS NACHO CHEESE,(Bayview/Coral Ridge) Ocean Wine & Spirits ,17.0,3.0,0.033,,,1
210000000284,DORITOS NACHO CHEESE,(FTL Beach/A1A) Ocean Wine & Spirits ,17.0,4.0,0.044,,,1
210000000284,DORITOS NACHO CHEESE,(Las Olas) Ocean Wine & Spirits ,17.0,6.0,0.067,,,1
210000000284,DORITOS NACHO CHEESE,Beach Liquors & Cigars ,17.0,4.0,0.044,,,1
210000000284,DORITOS NACHO CHEESE,Warehouse,17.0,0,0.0,,,0
210000006738,SMIRNOFF VODKA 80 375ML,(Bayview/Coral Ridge) Ocean Wine & Spirits ,17.0,5.0,0.056,,,1
210000006738,SMIRNOFF VODKA 80 375ML,(FTL Beach/A1A) Ocean Wine & Spirits ,17.0,3.0,0.033,,,1
210000006738,SMIRNOFF VODKA 80 375ML,(Las Olas) Ocean Wine & Spirits ,17.0,7.0,0.078,,,1
210000006738,SMIRNOFF VODKA 80 375ML,Beach Liquors & Cigars ,17.0,2.0,0.022,,,1
210000006738,SMIRNOFF VODKA 80 375ML,Warehouse,17.0,0,0.0,,,0
085000017739,LAMARCA PROSECCO 750ML,(Bayview/Coral Ridge) Ocean Wine & Spirits ,17.0,0,0.0,,,0
085000017739,LAMARCA PROSECCO 750ML,(FTL Beach/A1A) Ocean Wine & Spirits ,17.0,1.0,0.011,,,1
085000017739,LAMARCA PROSECCO 750ML,(Las Olas) Ocean Wine & Spirits ,17.0,9.0,0.1,,,1
085000017739,LAMARCA PROSECCO 750ML,Beach Liquors & Cigars ,17.0,7.0,0.078,,,1
085000017739,LAMARCA PROSECCO 750ML,Warehouse,17.0,0,0.0,,,0
632565000036,FIJI 1.5L SINGLE,(Bayview/Coral Ridge) Ocean Wine & Spirits ,17.0,0,0.0,,,0
632565000036,FIJI 1.5L SINGLE,(FTL Beach/A1A) Ocean Wine & Spirits ,17.0,1.0,0.011,,,1
632565000036,FIJI 1.5L SINGLE,(Las Olas) Ocean Wine & Spirits ,17.0,5.0,0.056,,,1
632565000036,FIJI 1.5L SINGLE,Beach Liquors & Cigars ,17.0,11.0,0.122,,,2
632565000036,FIJI 1.5L SINGLE,Warehouse,17.0,0,0.0,,,0
619947000044,TITOS HANDMADE VODKA 80 200ML,(Bayview/Coral Ridge) Ocean Wine & Spirits ,17.0,6.0,0.067,,,1
619947000044,TITOS HANDMADE VODKA 80 200ML,(FTL Beach/A1A) Ocean Wine & Spirits ,17.0,3.0,0.033,,,1
619947000044,TITOS HANDMADE VODKA 80 200ML,(Las Olas) Ocean Wine & Spirits ,17.0,0,0.0,,,0
619947000044,TITOS HANDMADE VODKA 80 200ML,Beach Liquors & Cigars ,17.0,8.0,0.089,,,1
619947000044,TITOS HANDMADE VODKA 80 200ML,Warehouse,17.0,0,0.0,,,0
210000000246,ICE CUPS,(Bayview/Coral Ridge) Ocean Wine & Spirits ,17.0,0,0.0,,,0
210000000246,ICE CUPS,(FTL Beach/A1A) Ocean Wine & Spirits ,17.0,0,0.0,,,0
210000000246,ICE CUPS,(Las Olas) Ocean Wine & Spirits ,17.0,0,0.0,,,0
210000000246,ICE CUPS,Beach Liquors & Cigars ,17.0,17.0,0.189,,,2
210000000246,ICE CUPS,Warehouse,17.0,0,0.0,,,0
070847005070,MONSTER ENERGY GREEN 16OZ,(Bayview/Coral Ridge) Ocean Wine & Spirits ,17.0,0,0.0,,,0
070847005070,MONSTER ENERGY GREEN 16OZ,(FTL Beach/A1A) Ocean Wine & Spirits ,17.0,6.0,0.067,,,1
070847005070,MONSTER ENERGY GREEN 16OZ,(Las Olas) Ocean Wine & Spirits ,17.0,5.0,0.056,,,1
070847005070,MONSTER ENERGY GREEN 16OZ,Beach Liquors & Cigars ,17.0,6.0,0.067,,,1
070847005070,MONSTER ENERGY GREEN 16OZ,Warehouse,17.0,0,0.0,,,0
210000012665,SUPER LYTE  VODKA +ADE 8 PACK VARIETY,(Bayview/Coral Ridge) Ocean Wine & Spirits ,17.0,2.0,0.022,,,1
210000012665,SUPER LYTE  VODKA +ADE 8 PACK VARIETY,(FTL Beach/A1A) Ocean Wine & Spirits ,17.0,0,0.0,,,0
210000012665,SUPER LYTE  VODKA +ADE 8 PACK VARIETY,(Las Olas) Ocean Wine & Spirits ,17.0,8.0,0.089,,,1
210000012665,SUPER LYTE  VODKA +ADE 8 PACK VARIETY,Beach Liquors & Cigars ,17.0,7.0,0.078,,,1
210000012665,SUPER LYTE  VODKA +ADE 8 PACK VARIETY,Warehouse,17.0,0,0.0,,,0
491320,Sprite 12oz Single Can,(Bayview/Coral Ridge) Ocean Wine & Spirits ,17.0,0,0.0,,,0
491320,Sprite 12oz Single Can,(FTL Beach/A1A) Ocean Wine & Spirits ,17.0,0,0.0,,,0
491320,Sprite 12oz Single Can,(Las Olas) Ocean Wine & Spirits ,17.0,7.0,0.078,,,1
491320,Sprite 12oz Single Can,Beach Liquors & Cigars ,17.0,10.0,0.111,,,2
491320,Sprite 12oz Single Can,Warehouse,17.0,0,0.0,,,0
632565000654,FIJI 700 ML SPORT CAP,(Bayview/Coral Ridge) Ocean Wine & Spirits ,17.0,0,0.0,,,0
632565000654,FIJI 700 ML SPORT CAP,(FTL Beach/A1A) Ocean Wine & Spirits ,17.0,0,0.0,,,0
632565000654,FIJI 700 ML SPORT CAP,(Las Olas) Ocean Wine & Spirits ,17.0,6.0,0.067,,,1
632565000654,FIJI 700 ML SPORT CAP,Beach Liquors & Cigars ,17.0,11.0,0.122,,,2
632565000654,FIJI 700 ML SPORT CAP,Warehouse,17.0,0,0.0,,,0
083089660105,JAGERMEISTER 50ML,(Bayview/Coral Ridge) Ocean Wine & Spirits ,17.0,0,0.0,,,0
083089660105,JAGERMEISTER 50ML,(FTL Beach/A1A) Ocean Wine & Spirits ,17.0,0,0.0,,,0
083089660105,JAGERMEISTER 50ML,(Las Olas) Ocean Wine & Spirits ,17.0,5.0,0.056,,,1
083089660105,JAGERMEISTER 50ML,Beach Liquors & Cigars ,17.0,12.0,0.133,,,2
083089660105,JAGERMEISTER 50ML,Warehouse,17.0,0,0.0,,,0
041508800082,San Pellegrino 500ML,(Bayview/Coral Ridge) Ocean Wine & Spirits ,16.0,0,0.0,,,0
041508800082,San Pellegrino 500ML,(FTL Beach/A1A) Ocean Wine & Spirits ,16.0,4.0,0.044,,,1
041508800082,San Pellegrino 500ML,(Las Olas) Ocean Wine & Spirits ,16.0,6.0,0.067,,,1
041508800082,San Pellegrino 500ML,Beach Liquors & Cigars ,16.0,6.0,0.067,,,1
041508800082,San Pellegrino 500ML,Warehouse,16.0,0,0.0,,,0
85000029862,HIGH NOON  VARIETY 12PK VARIETY 12oz,(Bayview/Coral Ridge) Ocean Wine & Spirits ,16.0,3.0,0.033,,,1
85000029862,HIGH NOON  VARIETY 12PK VARIETY 12oz,(FTL Beach/A1A) Ocean Wine & Spirits ,16.0,3.0,0.033,,,1
85000029862,HIGH NOON  VARIETY 12PK VARIETY 12oz,(Las Olas) Ocean Wine & Spirits ,16.0,7.0,0.078,,,1
85000029862,HIGH NOON  VARIETY 12PK VARIETY 12oz,Beach Liquors & Cigars ,16.0,3.0,0.033,,,1
85000029862,HIGH NOON  VARIETY 12PK VARIETY 12oz,Warehouse,16.0,0,0.0,,,0
